{"cameraMode":{"drawMode":0,"name":"Shaded","section":"Shading Mode"},"sceneLighting":true,"audioPlay":false,"sceneViewState":{"showFog":true,"showMaterialUpdate":false,"showSkybox":false,"showFlares":true,"showImageEffects":true,"showParticleSystems":true},"in2DMode":false,"pivot":{"x":-1.418068528175354,"y":0.9104956388473511,"z":-0.020702553912997247},"rotation":{"x":-0.2195548564195633,"y":-0.2801109254360199,"z":0.06597325205802918,"w":-0.9321915507316589},"size":4.053779125213623,"orthographic":false}