{"cameraMode":{"drawMode":0,"name":"Shaded","section":"Shading Mode"},"sceneLighting":true,"audioPlay":false,"sceneViewState":{"showFog":true,"showMaterialUpdate":false,"showSkybox":true,"showFlares":true,"showImageEffects":true,"showParticleSystems":true},"in2DMode":false,"pivot":{"x":0.36831313371658327,"y":1.9163305759429932,"z":-1.2050660848617554},"rotation":{"x":-0.028070176020264627,"y":0.9655396938323975,"z":-0.2304687649011612,"w":-0.11759889870882034},"size":10.0,"orthographic":false}